순번,영화명,감독,제작사,수입사,배급사,개봉일,영화유형,영화형태,국적,전국스크린수,전국매출액,전국관객수,서울매출액,서울관객수,장르,등급,영화구분
37,마스터,조의석,영화사 집,,씨제이이앤엠(주),2016-12-21,개봉영화,장편,한국,"1,501","58,067,927,865","7,150,541","14,520,299,965","1,731,940",액션,15세이상관람가,일반영화
42,럭키,이계벽,(주)용필름,,(주)쇼박스,2016-10-13,개봉영화,장편,한국,"1,158","56,361,435,256","6,965,706","13,812,629,836","1,640,015",코미디,15세이상관람가,일반영화
45,범죄도시,강윤성,"(주)홍필름,(주)비에이엔터테인먼트",,"메가박스중앙(주)플러스엠,(주)키위미디어그룹",2017-10-03,개봉영화,장편,한국,"1,315","56,077,813,249","6,851,297","14,046,905,449","1,670,254",범죄,청소년관람불가,일반영화
77,미녀와 야수,빌 콘돈,,월트디즈니컴퍼니코리아 유한책임회사,월트디즈니컴퍼니코리아 유한책임회사,2017-03-16,개봉영화,장편,미국,"1,627","42,130,589,579","5,137,993","13,177,630,229","1,531,839",멜로/로맨스,전체관람가,일반영화
136,스파이,이승준,"(주)제이케이필름,씨제이이앤엠(주)",,씨제이이앤엠(주),2013-09-05,개봉영화,장편,한국,785,"24,436,429,305","3,423,920","5,483,475,805","733,029",액션,15세이상관람가,일반영화
150,마녀,박훈정,"(주)영화사 금월,(주)페퍼민트앤컴퍼니",,워너브러더스 코리아(주),2018-06-27,개봉영화,장편,한국,"1,117","27,242,029,463","3,189,091","6,459,959,863","732,154",미스터리,15세이상관람가,일반영화
208,아수라,김성수,(주)사나이픽처스,,씨제이이앤엠(주),2016-09-28,개봉영화,장편,한국,"1,278","20,576,226,662","2,594,028","5,577,412,282","676,676",범죄,청소년관람불가,일반영화
213,정글북,존 파브로,,월트디즈니컴퍼니코리아(주),월트디즈니컴퍼니코리아(주),2016-06-09,개봉영화,장편,미국,924,"21,457,807,134","2,532,051","6,360,280,354","702,113",어드벤처,12세이상관람가,일반영화
214,목격자,조규장,(주)에이디사공육,,(주)넥스트엔터테인먼트월드(NEW),2018-08-15,개봉영화,장편,한국,"1,021","21,732,042,597","2,524,086","4,600,434,447","514,732",스릴러,15세이상관람가,일반영화
230,블라인드,안상훈,(주)문와쳐,,(주)넥스트엔터테인먼트월드(NEW),2011-08-10,개봉영화,장편,한국,404,"18,361,430,500","2,362,906","5,974,758,500","736,580",스릴러,청소년관람불가,일반영화
233,스파이,폴 페이그,,이십세기폭스코리아(주),이십세기폭스코리아(주),2015-05-21,개봉영화,장편,미국,665,"18,396,836,358","2,315,882","5,393,002,858","648,385",액션,15세이상관람가,일반영화
287,해결사,권혁재,(주)외유내강,,"(주)넥스트엔터테인먼트월드(NEW),(주)에스비에스콘텐츠허브",2010-09-09,개봉영화,장편,한국,524,"14,063,913,437","1,873,327","3,623,264,000","456,531",액션,15세이상관람가,일반영화
433,하루,조선호,(주)라인필름,,CGV아트하우스,2017-06-15,개봉영화,장편,한국,781,"9,068,009,842","1,129,018","2,244,976,142","270,183",스릴러,15세이상관람가,일반영화
453,동창생,박홍수,"더램프(주),(주)황금물고기",,(주)쇼박스,2013-11-06,개봉영화,장편,한국,660,"6,983,395,126","1,044,522","1,583,311,126","221,965",액션,15세이상관람가,일반영화
560,신데렐라,케네스 브래너,,월트디즈니컴퍼니코리아(주),월트디즈니컴퍼니코리아(주),2015-03-19,개봉영화,장편,미국,531,"5,499,767,900","716,386","1,654,573,800","205,943",멜로/로맨스,전체관람가,일반영화
575,패신저스,모튼 틸덤,,유니버설픽쳐스인터내셔널 코리아(유),유니버설픽쳐스인터내셔널 코리아(유),2017-01-04,개봉영화,장편,미국,608,"5,467,466,918","668,576","1,753,464,218","208,036",어드벤처,12세이상관람가,일반영화
648,사이코메트리,권호영,"(주)엠픽처스,(주)파워이엔티,㈜게이트픽쳐스",,씨제이이앤엠(주),2013-03-07,개봉영화,장편,한국,429,"3,964,769,129","531,953","1,133,052,129","145,312",미스터리,청소년관람불가,일반영화
654,몬스터,황인호,상상필름(주),,롯데쇼핑㈜롯데엔터테인먼트,2014-03-13,개봉영화,장편,한국,527,"4,136,202,515","526,282","1,110,307,115","135,839",스릴러,청소년관람불가,일반영화
701,카운트다운,허종호,(주)영화사봄,,"(주)싸이더스,(주)넥스트엔터테인먼트월드(NEW)",2011-09-29,개봉영화,장편,한국,341,"3,630,557,000","471,547","1,289,489,000","159,087",드라마,청소년관람불가,일반영화
710,너의 췌장을 먹고 싶어,츠키카와 쇼,,(주)미디어캐슬,(주)넥스트엔터테인먼트월드(NEW),2017-10-25,개봉영화,장편,일본,218,"3,705,621,800","465,495","1,048,442,800","128,547",드라마,12세이상관람가,독립/예술영화
715,라이프,다니엘 에스피노사,,소니픽쳐스엔터테인먼트코리아주식회사극장배급지점,소니픽쳐스엔터테인먼트코리아주식회사극장배급지점,2017-04-05,개봉영화,장편,미국,647,"3,786,712,210","459,421","1,188,643,810","139,729",SF,15세이상관람가,일반영화
761,좋은 친구들,이도윤,"오퍼스픽쳐스(유),굿초이스컷픽쳐스(주)",,씨제이이앤엠(주),2014-07-10,개봉영화,장편,한국,371,"3,201,527,031","404,456","869,573,831","104,800",범죄,청소년관람불가,일반영화
793,홈,팀 존슨,,씨제이이앤엠(주),씨제이이앤엠(주),2015-05-21,개봉영화,장편,미국,532,"2,692,225,691","360,556","649,663,691","83,379",애니메이션,전체관람가,일반영화
799,플립,롭 라이너,,(주)팝엔터테인먼트,(주)팝엔터테인먼트,2017-07-12,개봉영화,장편,미국,249,"2,818,791,900","354,601","1,025,482,700","123,030",드라마,12세이상관람가,일반영화
829,킬러스,로버트 루게틱,"카탈스트 필름,라이온스 게이트 필름즈",(주)넥스트엔터테인먼트월드(NEW),(주)넥스트엔터테인먼트월드(NEW),2010-09-02,개봉영화,장편,미국,280,"2,428,979,292","329,086","914,463,000","117,566",액션,15세이상관람가,일반영화
833,미드나잇 선,스콧 스피어,,(주)우성엔터테인먼트,씨네그루(주)키다리이엔티,2018-06-21,개봉영화,장편,미국,472,"2,679,300,500","326,086","960,276,400","114,250",멜로/로맨스,12세이상관람가,독립/예술영화
848,미녀와 야수,크리스토프 갱스,,(주)영화사선,(주)넥스트엔터테인먼트월드(NEW),2014-06-18,개봉영화,장편,프랑스,387,"2,385,847,300","315,348","745,899,100","94,306",판타지,전체관람가,일반영화
914,악질경찰,이정범,"청년필름(주),다이스필름(주)",,워너브러더스 코리아(주),2019-03-20,개봉영화,장편,한국,833,"2,256,625,278","262,235","543,947,088","61,930",범죄,청소년관람불가,일반영화
961,딥,줄리오 소토 거피드,,(주)영화사 빅,(주)이수C&E,2017-10-03,개봉영화,장편,스페인,441,"1,746,940,500","226,933","349,568,900","43,492",애니메이션,전체관람가,독립/예술영화
971,마마,최익환,"씨네주(유),㈜더드림앤드픽쳐스",,롯데쇼핑㈜롯데엔터테인먼트,2011-06-01,개봉영화,장편,한국,269,"1,533,830,500","222,731","427,065,500","59,189",드라마,12세이상관람가,일반영화
999,한나,조 라이트,,한국소니픽쳐스릴리징브에나비스타영화㈜,한국소니픽쳐스릴리징브에나비스타영화㈜,2011-04-14,개봉영화,장편,미국,269,"1,570,759,500","208,912","593,673,000","74,774",액션,15세이상관람가,일반영화
1064,업사이드 다운,후안 디에고 솔라나스,,(주)나이너스엔터테인먼트,롯데쇼핑㈜롯데엔터테인먼트,2012-11-08,개봉영화,장편,캐나다,309,"1,225,993,645","174,879","498,007,145","67,389",SF,12세이상관람가,일반영화
1082,비밀애,"류훈,권지연","(주)한컴,(주)코난픽쳐스",,(주)시너지하우스 (시너지),2010-03-25,개봉영화,장편,한국,275,"1,227,023,002","167,132","417,641,000","53,814",멜로/로맨스,청소년관람불가,일반영화
1090,무법자,김철한,청강스토리㈜,,(주)넥스트엔터테인먼트월드(NEW),2010-03-18,개봉영화,장편,한국,192,"1,241,201,107","163,334","284,829,000","34,920",드라마,청소년관람불가,일반영화
1123,크레이지,브렉 에이즈너,오버츄어 필름,데이지엔터테인먼트,(주)넥스트엔터테인먼트월드(NEW),2010-04-08,개봉영화,장편,미국,196,"1,123,006,998","146,377","364,397,000","45,158",공포(호러),청소년관람불가,일반영화
1129,안나 카레니나,조 라이트,,유니버설픽쳐스인터내셔널 코리아(유),유니버설픽쳐스인터내셔널 코리아(유),2013-03-21,개봉영화,장편,미국,248,"986,727,000","143,947","530,093,000","74,226",드라마,15세이상관람가,일반영화
1135,가시,김태균,"(주)캠프비,(주)뱅가드스튜디오",,(주)인벤트스톤,2014-04-10,개봉영화,장편,한국,356,"1,094,017,000","141,956","295,827,600","36,552",멜로/로맨스,청소년관람불가,일반영화
1273,워 호스,스티븐 스필버그,,한국소니픽쳐스릴리징브에나비스타영화㈜,한국소니픽쳐스릴리징브에나비스타영화㈜,2012-02-09,개봉영화,장편,미국,229,"734,302,500","102,195","261,101,500","35,001",전쟁,12세이상관람가,일반영화
1285,라스트 미션,클린트 이스트우드,,워너브러더스 코리아(주),워너브러더스 코리아(주),2019-03-14,개봉영화,장편,미국,472,"819,899,889","99,127","297,597,839","35,865",드라마,15세이상관람가,일반영화
1292,맥베스,저스틴 커젤,,판씨네마(주),판씨네마(주),2015-12-03,개봉영화,장편,영국,141,"744,966,853","98,161","390,696,453","49,594",드라마,15세이상관람가,독립/예술영화
1328,마마,안드레스 무시에티,,유니버설픽쳐스인터내셔널 코리아(유),유니버설픽쳐스인터내셔널 코리아(유),2013-01-23,개봉영화,장편,미국,164,"662,161,500","91,143","224,271,500","29,260",공포(호러),15세이상관람가,일반영화
1332,완벽한 파트너,박헌수,"(주)영화사참,락시픽쳐스",,타임스토리그룹(주),2011-11-17,개봉영화,장편,한국,166,"676,141,000","89,526","187,492,000","23,729",코미디,청소년관람불가,독립/예술영화
1474,돌이킬 수 없는,박수영,(주)재크필름,,㈜케이디미디어,2010-11-04,개봉영화,장편,한국,205,"472,974,485","65,414","116,550,500","15,060",미스터리,15세이상관람가,일반영화
1558,대지진,펑샤오강,"당산시 정부,차이나필름그룹,후아이브라더스픽처스",씨제이엔터테인먼트,필라멘트픽쳐스,2010-11-04,개봉영화,장편,중국,90,"379,043,639","55,000","119,095,000","16,777",드라마,전체관람가,일반영화
1564,살인소설,스콧 데릭슨,,(주)영화사폴,씨너스엔터테인먼트(주),2012-11-15,개봉영화,장편,미국,186,"394,724,176","54,239","164,418,159","21,572",미스터리,청소년관람불가,일반영화
1585,너의 췌장을 먹고 싶어,우시지마 신이치로,,(주)미디어캐슬,(주)넥스트엔터테인먼트월드(NEW),2018-11-15,개봉영화,장편,일본,319,"408,562,605","52,161","142,430,905","16,738",애니메이션,12세이상관람가,독립/예술영화
1614,마음이 외치고 싶어해,나가이 타츠유키,,(주)머스트씨무비릴리징컴퍼니,스튜디오 프로그레시브 인큐베이터,2016-03-30,개봉영화,장편,일본,122,"405,746,600","49,813","137,297,800","16,598",애니메이션,12세이상관람가,독립/예술영화
1616,살인소설,김진묵,"(주)페퍼민트앤컴퍼니,리드미컬그린(주)",,"(주)스톰픽쳐스코리아,(주)페퍼민트앤컴퍼니",2018-04-25,개봉영화,장편,한국,434,"392,591,200","49,682","110,034,500","13,655",스릴러,15세이상관람가,독립/예술영화
1696,고백,나카시마 테츠야,,(주)미로비젼,(주)미로비젼,2011-03-31,개봉영화,장편,일본,36,"337,747,500","43,127","221,624,500","27,659",드라마,청소년관람불가,독립/예술영화
1745,트릭,이창열,엘씨오픽쳐스,,"(주)스톰픽쳐스코리아,(주)이수C&E",2016-07-13,개봉영화,장편,한국,390,"297,315,300","38,155","81,827,800","10,355",스릴러,15세이상관람가,일반영화
1759,사이드 이펙트,스티븐 소더버그,,(주)누리픽쳐스,롯데쇼핑㈜롯데엔터테인먼트,2013-07-11,개봉영화,장편,미국,172,"258,658,000","37,134","107,991,000","15,206",스릴러,청소년관람불가,일반영화
1787,엘르,폴 버호벤,,소니픽쳐스엔터테인먼트코리아주식회사극장배급지점,소니픽쳐스엔터테인먼트코리아주식회사극장배급지점,2017-06-15,개봉영화,장편,프랑스,56,"276,952,100","35,122","167,650,500","20,740",드라마,청소년관람불가,독립/예술영화
1817,마스터,폴 토마스 앤더슨,,(주)누리픽쳐스,(주)영화사 진진,2013-07-11,개봉영화,장편,미국,38,"256,118,300","33,505","200,422,300","25,404",드라마,청소년관람불가,독립/예술영화
1885,에브리데이,마이클 수지,,그린나래미디어(주),"그린나래미디어(주),(주)홈초이스",2018-10-11,개봉영화,장편,미국,128,"260,023,700","29,283","82,296,200","9,027",멜로/로맨스,12세이상관람가,독립/예술영화
1932,콜드 워,파벨 파블리코브스키,,찬란,아이 엠,2019-02-07,개봉영화,장편,폴란드,65,"220,207,873","26,701","139,897,073","16,109",멜로/로맨스,15세이상관람가,독립/예술영화
1988,더 데이,백창주,(주)씨제스엔터테인먼트,,롯데쇼핑㈜롯데시네마,2012-02-23,개봉영화,장편,한국,30,"192,005,000","24,163","97,169,500","11,890",다큐멘터리,전체관람가,일반영화
2033,히어로,김봉한,"(주)필마픽쳐스 ,(주)프리윌컴퍼니",,(주)마인스 엔터테인먼트,2013-10-08,개봉영화,장편,한국,179,"148,940,000","22,617","36,886,500","5,643",가족,전체관람가,일반영화
2104,파괴자들,올리버 스톤,,유니버설픽쳐스인터내셔널 코리아(유),유니버설픽쳐스인터내셔널 코리아(유),2012-10-31,개봉영화,장편,미국,171,"141,102,068","19,716","52,745,568","7,088",액션,청소년관람불가,일반영화
2107,라이프,안톤 코르빈,,(주)프레인글로벌,"(주)영화사오원,(주)프레인글로벌",2015-10-15,개봉영화,장편,캐나다,99,"155,668,185","19,596","100,206,485","12,230",드라마,15세이상관람가,독립/예술영화
2176,스톤,조세래,(주)샤인픽쳐스,,씨너스엔터테인먼트(주),2014-06-12,개봉영화,장편,한국,148,"118,376,400","17,631","70,659,500","11,105",액션,15세이상관람가,독립/예술영화
2208,프라이버시,존 크로울리,,(주)스마일이엔티,(주)인벤트스톤,2014-03-20,개봉영화,장편,영국,165,"122,664,928","16,936","55,304,928","7,557",범죄,15세이상관람가,일반영화
2240,스파이 게임,마이클 앱티드,,와이즈앤와이드엔터테인먼트(주),메가박스중앙(주)플러스엠,2017-09-14,개봉영화,장편,영국,203,"122,840,172","15,986","55,357,172","6,990",액션,15세이상관람가,일반영화
2253,토일렛,오기가미 나오코,,(주)스폰지이엔티,(주)영화사 조제,2010-12-02,개봉영화,장편,일본,7,"116,321,072","15,576","108,633,000","14,355",드라마,전체관람가,독립/예술영화
2264,스톤,존 커랜,,(유)조이앤컨텐츠그룹,KT&G 상상마당 영화사업팀 컴퍼니에스에스(주),2011-10-06,개봉영화,장편,미국,77,"116,295,000","15,241","51,204,000","6,305",드라마,청소년관람불가,일반영화
2290,이민자,제임스 그레이,,주식회사 씨네룩스,주식회사 씨네룩스,2015-09-03,개봉영화,장편,미국,36,"115,862,023","14,807","69,433,323","8,385",드라마,15세이상관람가,독립/예술영화
2459,더 게스트,미겔 앙헬 비바스,,(주)스톰픽쳐스코리아,(주)스톰픽쳐스코리아,2018-09-12,개봉영화,장편,스페인,228,"101,103,647","11,517","32,138,997","3,615",공포(호러),청소년관람불가,독립/예술영화
2546,일대일,김기덕,(주)김기덕 필름,,(주)김기덕 필름,2014-05-22,개봉영화,장편,한국,53,"78,745,100","10,141","37,147,500","4,706",드라마,청소년관람불가,독립/예술영화
2567,정글북,타파스 차크라바르티,,그린나래미디어(주),(주)팝엔터테인먼트,2017-05-18,개봉영화,장편,인도,120,"74,842,400","9,891","18,137,500","2,356",애니메이션,전체관람가,독립/예술영화
2618,드래곤 기사단,"앵겔 이즈퀴에르도,리카르도 라몬",,(주)우성엔터테인먼트,(주)영화사 빅,2014-05-01,개봉영화,장편,스페인,91,"64,333,400","9,138","17,387,900","2,226",애니메이션,전체관람가,일반영화
2673,돈 조반니,카를로스 사우라,,라인트리엔터테인먼트,(주)디지탈케이아이엔,2010-10-14,개봉영화,장편,이탈리아,16,"60,646,870","8,392","46,842,400","6,281",드라마,15세이상관람가,독립/예술영화
2690,홈,김종우,"(주)아토,큐브이미지웍스",,(주)리틀빅픽쳐스,2018-05-30,개봉영화,장편,한국,123,"59,594,222","8,243","19,591,200","2,394",가족,전체관람가,독립/예술영화
2718,데스 위시,일라이 로스,,주식회사 더쿱,"주식회사 더쿱,TCO(주)더콘텐츠온",2018-10-11,개봉영화,장편,미국,97,"61,732,250","7,915","24,507,900","3,364",액션,15세이상관람가,일반영화
2723,마녀,유영선,주식회사 흰수염고래영화사,,CGV아트하우스,2014-09-11,개봉영화,장편,한국,61,"63,500,100","7,880","26,140,700","3,135",공포(호러),청소년관람불가,독립/예술영화
2798,마담 보바리,소피 바르트,,(주)누리픽쳐스,(주)영화사 진진,2015-12-10,개봉영화,장편,미국,20,"54,323,900","6,974","42,584,000","5,213",드라마,청소년관람불가,독립/예술영화
2837,에브리데이,마이클 윈터바텀,,(주)영화사 진진,(주)영화사 진진,2013-06-13,개봉영화,장편,영국,16,"45,674,000","6,626","34,257,000","4,756",드라마,청소년관람불가,독립/예술영화
2849,기적의 피아노,"임성구,김은주",(주)보고싶은영화사,,롯데쇼핑㈜롯데엔터테인먼트,2015-09-03,개봉영화,장편,한국,74,"46,156,800","6,514","22,829,700","3,130",다큐멘터리,전체관람가,독립/예술영화
2930,마음이 외치고 싶어해,쿠마자와 나오토,,(주)스마일이엔티,(주)스마일이엔티,2017-12-07,개봉영화,장편,일본,99,"43,060,100","5,849","23,618,300","3,044",드라마,12세이상관람가,독립/예술영화
2953,파우스트,알렉산더 소쿠로프,,㈜영화사 백두대간,㈜영화사 백두대간,2012-12-06,개봉영화,장편,러시아,2,"44,724,000","5,706","40,454,000","4,886",드라마,청소년관람불가,독립/예술영화
3006,엘르,마우고시카 슈모프스카,,와이즈앤와이드엔터테인먼트(주),(주)미디어데이,2012-10-11,개봉영화,장편,프랑스,12,"40,807,000","5,307","34,509,000","4,269",드라마,청소년관람불가,독립/예술영화
3081,빈센트,랄프 후에트너,,㈜세종커뮤니케이션스,시네마 뉴원,2013-06-27,개봉영화,장편,독일,8,"35,136,500","4,960","27,330,000","3,778",드라마,15세이상관람가,독립/예술영화
3251,업사이드 다운,김동빈,프로젝트 투게더,,(주)시네마달,2016-04-14,개봉영화,장편,한국,22,"26,397,000","3,833","14,536,000","1,985",다큐멘터리,12세이상관람가,독립/예술영화
3273,아웃사이더,브라이언 A 밀러,,(주)미디어데이,(주)미디어데이,2015-06-21,개봉영화,장편,미국,2,"18,555,000","3,711","18,555,000","3,711",액션,15세이상관람가,일반영화
3314,라 트라비아타,후고 데 아나,,(주)케빈앤컴퍼니,(주)케빈앤컴퍼니,2013-07-06,개봉영화,장편,독일,2,"92,164,500","3,515","81,167,500","3,112",공연,전체관람가,독립/예술영화
3370,카르멘,카스퍼 홀텐,,(주)케빈앤컴퍼니,(주)케빈앤컴퍼니,2018-07-01,개봉영화,장편,독일,11,"78,836,500","3,259","48,517,500","1,985",공연,15세이상관람가,일반영화
3390,카르멘,프란체스코 로시,,(주)라이크 콘텐츠,(주)라이크 콘텐츠,2015-12-07,개봉영화,장편,프랑스,1,"6,497,000","3,118","6,112,000","3,041",드라마,12세이상관람가,독립/예술영화
3407,이민자,크리스 웨이츠,,판씨네마(주),판씨네마(주),2012-04-12,개봉영화,장편,미국,16,"20,901,700","3,063","15,858,700","2,200",드라마,12세이상관람가,독립/예술영화
3416,정글,그렉 맥린,,㈜코리아스크린,㈜코리아스크린,2018-05-31,개봉영화,장편,호주,45,"24,788,300","3,043","6,257,700",772,액션,15세이상관람가,독립/예술영화
3421,아이다,그레이엄 빅,,(주)케빈앤컴퍼니,(주)케빈앤컴퍼니,2012-12-22,개봉영화,장편,독일,2,"82,736,000","3,028","78,993,500","2,899",공연,전체관람가,독립/예술영화
3453,바비,에밀리오 에스테베즈,더 웨인스테인 컴퍼니,(주)케이알씨지,주식회사 마운틴픽쳐스,2010-02-04,개봉영화,장편,미국,17,"22,454,545","2,867","18,138,000","2,265",드라마,15세이상관람가,독립/예술영화
3458,아이다,,,(주)인스터피씨엠,(주)인스터피씨엠,2019-02-02,개봉영화,장편,미국,6,"69,960,000","2,854","50,853,000","2,086",공연,전체관람가,일반영화
3487,콜드 워,"써니 럭,렁록만",,그린나래미디어(주),(주)앤드플러스미디어웍스,2013-09-05,개봉영화,장편,홍콩,18,"16,668,500","2,749","12,176,000","1,988",범죄,15세이상관람가,독립/예술영화
3559,투란도트,마르코 아르투로 마렐리,,(주)케빈앤컴퍼니,(주)케빈앤컴퍼니,2016-02-07,개봉영화,장편,독일,10,"64,412,500","2,455","50,322,000","1,929",공연,12세이상관람가,일반영화
3571,마담 보바리,앤 폰테인,,㈜세종커뮤니케이션스,에이원엔터테인먼트,2015-04-02,개봉영화,장편,프랑스,32,"17,605,500","2,375","9,522,500","1,229",멜로/로맨스,청소년관람불가,독립/예술영화
3578,바비,이상우,(주)엘앤유인디컴미디어,,(주)미로비젼,2012-10-25,개봉영화,장편,한국,24,"17,341,500","2,355","12,327,500","1,633",드라마,청소년관람불가,독립/예술영화
3581,피가로의 결혼,,,(주)인스터피씨엠,(주)인스터피씨엠,2015-02-21,개봉영화,장편,미국,3,"49,607,500","2,350","42,678,000","1,927",공연,전체관람가,일반영화
3597,아이다,올리비에 피,,에스디시코리아 주식회사,에스디시코리아 주식회사,2015-07-01,개봉영화,장편,프랑스,12,"35,327,500","2,303","17,246,500","1,016",공연,전체관람가,독립/예술영화
3605,투란도트,,,(주)인스터피씨엠,(주)인스터피씨엠,2016-07-02,개봉영화,장편,미국,6,"54,543,000","2,272","38,146,500","1,578",공연,전체관람가,일반영화
3611,한나,안드레아 팔라오로,,영화사 마농(주),영화사 마농(주),2018-07-26,개봉영화,장편,이탈리아,16,"16,323,200","2,253","9,972,900","1,232",드라마,15세이상관람가,독립/예술영화
3630,마농,케네스 맥밀란,,에스디시코리아 주식회사,에스디시코리아 주식회사,2015-10-21,개봉영화,장편,프랑스,12,"28,690,500","2,177","22,456,500","1,803",공연,전체관람가,독립/예술영화
3639,관계,김명서,"브릿지웍스 엔터테인먼트(주),주식회사 루믹스미디어",,브릿지웍스 엔터테인먼트(주),2014-08-27,개봉영화,장편,한국,19,"10,652,000","2,146","6,813,000","1,298",멜로/로맨스,청소년관람불가,일반영화
3660,러브,가스파 노에,,판씨네마(주),판씨네마(주),2017-11-02,개봉영화,장편,프랑스,27,"16,473,500","2,108","12,383,000","1,561",멜로/로맨스,청소년관람불가,독립/예술영화
3671,오텔로,정명훈,,(주)케빈앤컴퍼니,(주)케빈앤컴퍼니,2013-12-21,개봉영화,장편,독일,7,"53,287,500","2,072","44,644,000","1,746",공연,전체관람가,독립/예술영화
3677,하루,마키하라 료타로,,(주)도키엔터테인먼트,(주)미디어데이,2013-11-28,개봉영화,장편,일본,11,"11,305,500","2,063","9,756,500","1,756",애니메이션,12세이상관람가,독립/예술영화
3692,토스카,,,(주)인스터피씨엠,(주)인스터피씨엠,2018-05-05,개봉영화,장편,미국,11,"48,023,000","2,035","30,318,000","1,306",공연,12세이상관람가,일반영화
3706,아이다,시린 네샤트,,(주)케빈앤컴퍼니,(주)케빈앤컴퍼니,2018-04-04,개봉영화,장편,독일,11,"46,091,500","2,002","26,401,500","1,088",공연,전체관람가,일반영화
3715,하루,레자 미르카리미,,알토미디어(주),THE 픽쳐스,2015-08-06,개봉영화,장편,이란,13,"13,649,500","1,990","6,279,000",744,드라마,15세이상관람가,독립/예술영화
3752,라 보엠,,,(주)인스터피씨엠,(주)인스터피씨엠,2014-08-02,개봉영화,장편,미국,2,"29,297,000","1,899","28,005,000","1,820",공연,전체관람가,일반영화
3753,사랑의 묘약,,,(주)인스터피씨엠,(주)인스터피씨엠,2018-07-07,개봉영화,장편,미국,11,"42,864,000","1,895","28,060,500","1,262",공연,전체관람가,일반영화
3762,돈 지오반니,,,(주)인스터피씨엠,(주)인스터피씨엠,2017-01-07,개봉영화,장편,미국,6,"44,095,500","1,870","33,505,500","1,410",공연,전체관람가,일반영화
3770,행맨,조니 마틴,,(주)박수엔터테인먼트,(주)박수엔터테인먼트,2019-01-23,개봉영화,장편,미국,63,"14,972,890","1,860","7,980,600",965,미스터리,15세이상관람가,일반영화
3772,일 트로바토레,마르코 아르밀리아토,,(주)인스터피씨엠,(주)인스터피씨엠,2016-01-16,개봉영화,장편,미국,6,"45,900,000","1,854","37,269,000","1,514",공연,전체관람가,일반영화
3782,라보엠,로버트 돈헴,,(주)케빈앤컴퍼니,(주)쓰리캣프로덕션,2014-12-20,개봉영화,장편,독일,5,"28,246,000","1,835","24,246,000","1,587",멜로/로맨스,전체관람가,일반영화
3783,악질경찰,베르너 헤어조그,,(유)조이앤컨텐츠그룹,팝엔터테인먼트,2011-11-10,개봉영화,장편,미국,25,"13,370,500","1,835","3,797,000",487,스릴러,청소년관람불가,일반영화
3823,라 트라비아타,,,(주)인스터피씨엠,(주)인스터피씨엠,2017-08-05,개봉영화,장편,미국,11,"40,719,500","1,768","27,107,000","1,176",공연,12세이상관람가,일반영화
3850,투란도트,스테파노 포다,,(주)케빈앤컴퍼니,(주)케빈앤컴퍼니,2018-08-26,개봉영화,장편,독일,11,"41,584,500","1,696","27,576,000","1,132",공연,15세이상관람가,일반영화
3899,카르멘,안드리스 넬슨스,,(주)케빈앤컴퍼니,(주)케빈앤컴퍼니,2012-11-10,개봉영화,장편,독일,2,"42,541,000","1,624","39,129,000","1,424",공연,전체관람가,독립/예술영화
3918,히어로,김홍익,(주)마루인큐브,,주식회사 마운틴픽쳐스,2010-11-18,개봉영화,장편,한국,2,"13,661,494","1,589","13,447,000","1,564",드라마,15세이상관람가,일반영화
3944,해결사,니쉬칸트 카마트,,(주)소나무픽쳐스,(주)소나무픽쳐스,2013-01-24,개봉영화,장편,인도,1,"3,287,000","1,551",0,0,액션,청소년관람불가,독립/예술영화
3953,신데렐라,,,(주)인스터피씨엠,(주)인스터피씨엠,2018-12-01,개봉영화,장편,미국,11,"35,695,000","1,544","23,298,000","1,013",공연,전체관람가,일반영화
3992,돈 지오반니,마이클 그랑디지,,(주)인스터피씨엠,(주)인스터피씨엠,2012-02-29,개봉영화,장편,미국,1,"42,470,000","1,491","40,482,500","1,423",공연,전체관람가,일반영화
3998,아이다,소냐 프리셀,,(주)인스터피씨엠,(주)인스터피씨엠,2013-08-03,개봉영화,장편,미국,2,"37,860,500","1,486","33,396,500","1,325",공연,전체관람가,일반영화
4009,슈퍼스타,임진순,스토리룸,,주식회사 마운틴픽쳐스,2012-06-07,개봉영화,장편,한국,18,"10,413,400","1,463","7,802,400","1,060",코미디,15세이상관람가,독립/예술영화
4019,라 트라비아타,프랑코 제피렐리,,(주)케빈앤컴퍼니,(주)케빈앤컴퍼니,2018-03-04,개봉영화,장편,독일,11,"20,928,000","1,444","11,737,000",775,공연,12세이상관람가,일반영화
4020,라 트라비아타,,,(주)케빈앤컴퍼니,(주)케빈앤컴퍼니,2017-01-22,개봉영화,장편,독일,9,"35,543,500","1,442","26,549,500","1,078",공연,12세이상관람가,일반영화
4025,카르멘,"매튜 다이아몬드,파블로 헤라스 카사도",,(주)인스터피씨엠,(주)인스터피씨엠,2015-04-11,개봉영화,장편,미국,3,"36,335,500","1,438","28,830,000","1,123",공연,12세이상관람가,일반영화
4034,사랑의 묘약,바틀렛 쉐어,,(주)인스터피씨엠,(주)인스터피씨엠,2013-03-09,개봉영화,장편,미국,3,"37,944,500","1,408","35,896,500","1,337",공연,전체관람가,일반영화
4054,세비야의 이발사,다미아노 미키엘레토,,에스디시코리아 주식회사,에스디시코리아 주식회사,2015-02-04,개봉영화,장편,프랑스,11,"26,190,500","1,379","12,061,000",547,공연,전체관람가,독립/예술영화
4071,라 트라비아타,윌리 데커,,(주)인스터피씨엠,(주)인스터피씨엠,2012-10-23,개봉영화,장편,미국,3,"36,754,500","1,342","34,876,000","1,278",기타,전체관람가,일반영화
4079,시크릿,니콜라스 자렉키,,(주)메인타이틀픽쳐스,(주)미디어데이,2013-08-29,개봉영화,장편,미국,5,"9,339,000","1,330","9,339,000","1,330",드라마,청소년관람불가,일반영화
4090,맥베스,해리 쿠퍼,,(주)케빈앤컴퍼니,(주)케빈앤컴퍼니,2018-10-07,개봉영화,장편,독일,11,"31,100,500","1,314","19,818,000",855,공연,12세이상관람가,일반영화
4095,오텔로,바틀렛 셔,,(주)인스터피씨엠,(주)인스터피씨엠,2016-03-05,개봉영화,장편,미국,6,"30,941,500","1,309","24,187,500","1,014",공연,전체관람가,일반영화
4097,로미오와 줄리엣,,,(주)인스터피씨엠,(주)인스터피씨엠,2017-06-03,개봉영화,장편,미국,11,"30,322,500","1,306","21,571,500",930,공연,전체관람가,일반영화
4100,루살카,,,(주)인스터피씨엠,(주)인스터피씨엠,2017-07-01,개봉영화,장편,미국,11,"30,209,500","1,299","19,600,000",846,공연,전체관람가,일반영화
4116,좋은 친구들,진형태,"주니파워픽처스(주),판타지웍스엔터",,(주)마인스 엔터테인먼트,2013-03-28,개봉영화,장편,한국,15,"9,709,500","1,258","2,256,000",282,액션,청소년관람불가,일반영화
4124,히치하이크,정희재,영화사 브리드,,무브먼트,2019-03-14,개봉영화,장편,한국,24,"8,828,850","1,247","5,969,650",753,가족,12세이상관람가,독립/예술영화
4130,맥베스,에이드리언 노블,,(주)인스터피씨엠,(주)인스터피씨엠,2015-01-24,개봉영화,장편,미국,3,"26,683,000","1,236","24,175,500","1,122",공연,전체관람가,일반영화
4164,라 트라비아타,페터 콘비츠니,,에스디시코리아 주식회사,에스디시코리아 주식회사,2015-08-12,개봉영화,장편,영국,12,"20,300,500","1,175","9,362,500",432,공연,전체관람가,독립/예술영화
4165,토스카,사이먼 래틀,,(주)케빈앤컴퍼니,(주)케빈앤컴퍼니,2017-11-19,개봉영화,장편,독일,11,"28,579,000","1,173","18,292,500",744,공연,12세이상관람가,일반영화
4176,토스카,미햐엘 슈투르밍어,,(주)케빈앤컴퍼니,(주)케빈앤컴퍼니,2018-11-18,개봉영화,장편,독일,11,"27,144,000","1,152","17,632,500",765,공연,12세이상관람가,일반영화
4190,퍼즐,임진승,컨텐츠쇼크(주),,"(주)스토리제이,(주)드림팩트엔터테인먼트",2018-02-22,개봉영화,장편,한국,13,"8,621,300","1,127","7,421,300",922,미스터리,청소년관람불가,독립/예술영화
4196,토스카,피에르 아우디,,에스디시코리아 주식회사,에스디시코리아 주식회사,2015-04-01,개봉영화,장편,프랑스,13,"22,010,500","1,121","9,882,000",444,공연,12세이상관람가,독립/예술영화
4201,안나 카레니나,신예지,(주)비프로,,(주)비프로,2018-06-29,개봉영화,장편,한국,9,"19,632,800","1,116","13,497,200",800,뮤지컬,12세이상관람가,일반영화
4209,파우스트,데스 맥가너프,,(주)인스터피씨엠,(주)인스터피씨엠,2012-06-19,개봉영화,장편,미국,2,"31,358,000","1,101","28,777,000","1,008",기타,전체관람가,일반영화
4228,몬스터즈,가렛 에드워즈,,씨네그루(주)다우기술,씨네그루(주)다우기술,2014-05-29,개봉영화,장편,영국,20,"6,480,000","1,080","3,420,000",570,SF,15세이상관람가,일반영화
4255,워 호스,"톰 모리스,마리안느 앨리엇",,메가박스중앙(주)플러스엠,메가박스중앙(주)플러스엠,2014-11-22,개봉영화,장편,영국,17,"12,351,000","1,047","8,624,000",736,공연,전체관람가,일반영화
4267,탄호이저,,,(주)인스터피씨엠,(주)인스터피씨엠,2016-05-07,개봉영화,장편,미국,7,"23,956,500","1,030","18,585,000",789,공연,전체관람가,일반영화
4272,일 트로바토레,다니엘 바렌보임,,(주)케빈앤컴퍼니,(주)쓰리캣프로덕션,2014-09-20,개봉영화,장편,독일,6,"16,438,000","1,022","12,042,000",759,공연,전체관람가,일반영화
4285,시크릿,윤재구,"(주)그린피쉬픽쳐스,(주)제이케이필름",,씨제이엔터테인먼트,2009-12-03,개봉영화,장편,한국,397,"6,740,835","1,005","1,326,000",190,스릴러,청소년관람불가,일반영화
4287,코지 판 투테,,,(주)인스터피씨엠,(주)인스터피씨엠,2018-10-06,개봉영화,장편,미국,11,"21,924,500","1,003","14,218,500",659,공연,전체관람가,일반영화
4294,가면무도회,데이비드 알덴,,(주)인스터피씨엠,(주)인스터피씨엠,2013-06-29,개봉영화,장편,미국,2,"25,308,000",996,"23,566,500",934,공연,전체관람가,일반영화
4301,토스카,루크 본디,,(주)인스터피씨엠,(주)인스터피씨엠,2014-03-15,개봉영화,장편,미국,2,"22,939,500",993,"21,738,000",951,공연,12세이상관람가,일반영화
4303,로미오와 줄리엣,위르겐 플림,,(주)케빈앤컴퍼니,(주)케빈앤컴퍼니,2018-05-20,개봉영화,장편,독일,11,"22,906,500",988,"13,222,000",582,공연,12세이상관람가,일반영화
4317,라 보엠,지안드레아 노세다,,(주)케빈앤컴퍼니,(주)케빈앤컴퍼니,2017-10-08,개봉영화,장편,독일,11,"23,071,000",968,"13,978,500",587,공연,전체관람가,일반영화
4351,피가로의 결혼,스벤-에릭 베히톨프,,(주)케빈앤컴퍼니,(주)케빈앤컴퍼니,2016-05-22,개봉영화,장편,독일,9,"22,928,000",920,"16,752,000",674,공연,전체관람가,독립/예술영화
4380,세비야의 이발사,미켈레 마리오티,,(주)인스터피씨엠,(주)인스터피씨엠,2015-06-06,개봉영화,장편,미국,4,"21,699,000",880,"16,051,500",637,공연,전체관람가,일반영화
4382,카발레리아 루스티카나 & 팔리아치,,,(주)인스터피씨엠,(주)인스터피씨엠,2015-11-21,개봉영화,장편,미국,3,"20,914,500",879,"16,402,500",681,공연,전체관람가,일반영화
4408,블라인드,에스킬 보그트,,"(주)영화공간,(주)가보차",홀리가든,2016-03-31,개봉영화,장편,노르웨이,9,"5,245,800",848,"3,467,000",564,드라마,청소년관람불가,독립/예술영화
4414,파우스트,지안드레아 노세다,,(주)케빈앤컴퍼니,(주)케빈앤컴퍼니,2016-09-03,개봉영화,장편,독일,9,"20,832,000",838,"14,733,000",595,공연,15세이상관람가,일반영화
4430,돈 조반니,크리스토프 에센바흐,,(주)케빈앤컴퍼니,(주)케빈앤컴퍼니,2015-06-06,개봉영화,장편,독일,6,"21,033,500",814,"13,738,500",530,공연,12세이상관람가,일반영화
4434,라보엠,리카르도 샤이,,(주)케빈앤컴퍼니,(주)쓰리캣프로덕션,2014-04-19,개봉영화,장편,독일,4,"20,567,000",811,"17,147,500",684,공연,전체관람가,독립/예술영화
4438,카발레리아 루스티카나 & 팔리아치,필립 슈톨츨,,(주)케빈앤컴퍼니,(주)케빈앤컴퍼니,2016-03-13,개봉영화,장편,독일,9,"20,167,500",809,"14,926,500",605,공연,12세이상관람가,일반영화
4439,탄호이저,,,(주)케빈앤컴퍼니,(주)케빈앤컴퍼니,2017-05-28,개봉영화,장편,독일,11,"19,482,000",808,"11,821,500",485,공연,청소년관람불가,일반영화
4451,오텔로,엘리시아 모신스키,,(주)인스터피씨엠,(주)인스터피씨엠,2013-04-13,개봉영화,장편,미국,2,"20,629,000",793,"19,075,000",737,공연,전체관람가,일반영화
4453,파우스트,장-루이 마르티노티,,에스디시코리아 주식회사,에스디시코리아 주식회사,2015-09-09,개봉영화,장편,프랑스,12,"15,867,500",789,"8,192,000",362,공연,12세이상관람가,독립/예술영화
4486,코지 판 투테,제임스 레바인,,(주)인스터피씨엠,(주)인스터피씨엠,2014-09-20,개봉영화,장편,미국,2,"11,561,000",743,"10,617,000",686,공연,전체관람가,일반영화
4494,토스카,루크 본디,,(주)케빈앤컴퍼니,(주)케빈앤컴퍼니,2013-04-13,개봉영화,장편,독일,2,"18,767,000",723,"17,234,000",668,공연,전체관람가,독립/예술영화
4500,죽음의 천사,,,(주)인스터피씨엠,(주)인스터피씨엠,2018-04-07,개봉영화,장편,미국,11,"15,209,500",709,"10,140,000",472,공연,12세이상관람가,일반영화
4526,러브,유승택,,(주)노이에스,(주)에스와이코마드,2012-08-09,개봉영화,장편,대만,6,"5,205,500",676,"3,687,500",475,드라마,15세이상관람가,독립/예술영화
4528,카르멘,칼릭스토 비에이토,,에스디시코리아 주식회사,에스디시코리아 주식회사,2016-02-03,개봉영화,장편,영국,11,"13,521,000",676,"6,682,500",299,공연,12세이상관람가,일반영화
4556,오텔로,크리스티안 틸레만,,(주)케빈앤컴퍼니,(주)케빈앤컴퍼니,2017-04-16,개봉영화,장편,독일,7,"15,388,500",641,"10,840,500",453,공연,12세이상관람가,일반영화
4563,가면무도회,안드레아 바티스토니,,(주)케빈앤컴퍼니,(주)케빈앤컴퍼니,2015-09-12,개봉영화,장편,독일,6,"15,340,500",629,"9,845,000",410,공연,12세이상관람가,일반영화
4629,고백,정영배,"이글루픽쳐스,(주)오이필름",,더그레이트 컴퍼니,2015-08-20,개봉영화,장편,한국,20,"2,847,000",568,"364,000",68,미스터리,청소년관람불가,독립/예술영화
4649,루살카,오토 솅크,,(주)인스터피씨엠,(주)인스터피씨엠,2014-05-24,개봉영화,장편,미국,2,"12,406,500",553,"11,464,500",517,공연,전체관람가,일반영화
4655,잠자는 숲속의 미녀,카트린느 브레이야,,오드,오드,2012-05-03,개봉영화,장편,프랑스,4,"4,386,000",550,"3,949,000",483,드라마,청소년관람불가,독립/예술영화
4712,불륜의 맛,이세일,(주)케이알씨지,,(주)케이알씨지,2014-03-27,개봉영화,장편,한국,5,"1,950,000",494,"540,000",108,멜로/로맨스,청소년관람불가,일반영화
4721,로미오와 줄리엣,케네스 맥밀란,,(주)인스터피씨엠,(주)인스터피씨엠,2013-09-26,개봉영화,장편,영국,7,"8,491,000",488,"6,510,000",372,공연,전체관람가,일반영화
4755,마농,로랑 펠리,,(주)인스터피씨엠,(주)인스터피씨엠,2012-10-04,개봉영화,장편,미국,3,"12,530,000",457,"11,885,000",435,공연,전체관람가,일반영화
4776,메모리즈,"오토모 가츠히로,오카무라 텐사이,모리모토 코지",,에이원엔터테인먼트,에이원엔터테인먼트,2012-12-13,개봉영화,장편,일본,6,"3,313,000",438,"1,482,500",192,애니메이션,15세이상관람가,독립/예술영화
4881,미드나잇 선,스콧 레베레히트,,팁노트(주),어뮤즈,2013-08-08,개봉영화,장편,미국,4,"1,870,000",376,"25,000",3,공포(호러),청소년관람불가,독립/예술영화
4983,아웃사이더,김문옥,스마일픽쳐스,,(주)영화사 조은,2014-07-24,개봉영화,장편,한국,1,"600,000",300,"600,000",300,드라마,청소년관람불가,독립/예술영화
4989,홈 스위트 홈,문시현,,,이미지팩토리,2012-03-15,개봉영화,장편,한국,5,"2,109,500",297,"1,512,500",196,드라마,청소년관람불가,일반영화
5007,더 데이,더글러스 아니오코스키,,(주)고맙습니다 사랑합니다,(주)고맙습니다 사랑합니다,2013-04-22,개봉영화,장편,미국,4,"1,430,000",286,"755,000",151,드라마,청소년관람불가,일반영화
5075,잠자는 숲속의 미녀,마리우스 프티파,,(주)인스터피씨엠,(주)인스터피씨엠,2013-10-17,개봉영화,장편,영국,6,"4,319,000",250,"2,974,000",170,공연,전체관람가,일반영화
5078,딥,조성규,"(주)영화공장,하준사",,(주)드림팩트엔터테인먼트,2018-09-06,개봉영화,장편,한국,9,"1,796,500",248,"1,468,100",181,멜로/로맨스,15세이상관람가,독립/예술영화
5146,그녀의 섹스 테크닉,이재남,(주)케이알씨지,,(주)케이알씨지,2016-07-20,개봉영화,장편,한국,20,"1,200,000",231,"541,000",108,멜로/로맨스,청소년관람불가,일반영화
5177,가시,김중현,한국영화아카데미,,씨제이이앤엠(주),2012-03-08,개봉영화,장편,한국,1,"1,696,500",216,"1,524,000",191,드라마,15세이상관람가,독립/예술영화
5251,아수라,사토 케이이치,,얼리버드,얼리버드,2013-05-22,개봉영화,장편,일본,1,"955,000",191,"955,000",191,애니메이션,청소년관람불가,일반영화
5322,내 아내의 친구,엠씨짱,(주)케이알씨지,,(주)케이알씨지,2016-09-08,개봉영화,장편,한국,20,"922,000",177,"541,000",108,멜로/로맨스,청소년관람불가,일반영화
5331,일대일,정미나,(주)그라운드미디어,,(주)그라운드미디어,2017-07-31,개봉영화,장편,한국,20,"932,000",177,"604,000",122,멜로/로맨스,청소년관람불가,일반영화
5335,누드모델,오상원,판타스틱룸미디어,,판타스틱룸미디어,2017-06-01,개봉영화,장편,한국,20,"891,000",176,"618,000",124,멜로/로맨스,청소년관람불가,일반영화
5399,어린 아내,화니,(주)케이알씨지,,(주)케이알씨지,2016-11-18,개봉영화,장편,한국,20,"836,000",166,"544,000",109,멜로/로맨스,청소년관람불가,일반영화
5410,유혹,최우성,주식회사 루믹스미디어,,주식회사 루믹스미디어,2017-01-19,개봉영화,장편,한국,20,"840,000",165,"568,000",114,드라마,청소년관람불가,일반영화
5447,빈센트,박보상,(주)인터하우스,,"(주)인터하우스,노바엔터테인먼트",2017-12-14,개봉영화,장편,한국,5,"667,500",158,0,0,드라마,12세이상관람가,독립/예술영화
5449,슈퍼스타,자비에 지아놀리,,(주)컴퍼니엘,(주)팝엔터테인먼트,2013-08-01,개봉영화,장편,프랑스,5,"758,000",157,"199,000",27,드라마,15세이상관람가,독립/예술영화
5462,돌이킬 수 없는,클레르 드니,,찬란,찬란,2014-10-02,개봉영화,장편,프랑스,4,"1,099,000",152,"544,000",65,드라마,청소년관람불가,독립/예술영화
5565,더 베일,아드리안 테너,,(주)아컴스튜디오,(주)아컴스튜디오,2016-11-28,개봉영화,장편,영국,1,"780,000",130,0,0,스릴러,15세이상관람가,일반영화
5574,불륜 동창회,조태호,(주)영화사가을,,(주)영화사가을,2018-03-02,개봉영화,장편,한국,20,"772,000",130,"364,000",65,멜로/로맨스,청소년관람불가,일반영화
5592,퍼즐,나이토 에이스케,,더컨텐츠콤(주),(주)아컴스튜디오,2014-09-18,개봉영화,장편,일본,1,"1,170,000",130,0,0,공포(호러),청소년관람불가,일반영화
5663,착한 엄마,이리단,(주)영화사 사계절,,(주)영화사 사계절,2017-10-26,개봉영화,장편,한국,20,"728,000",123,"376,000",66,멜로/로맨스,청소년관람불가,일반영화
5718,어밴던드,나초 세르다,까스텔라오 프로듀시오네스,㈜코리아스크린,㈜코리아스크린,2010-04-01,개봉영화,장편,스페인,1,"886,925",112,"873,000",110,공포(호러),청소년관람불가,일반영화
5723,로미오와 줄리엣,데이빗 리보스,,(주)인스터피씨엠,(주)인스터피씨엠,2014-10-23,개봉영화,장편,미국,7,"1,505,000",110,"1,260,000",93,공연,전체관람가,일반영화
5747,불륜의 맛,타지리 유지,,(주)영화사폴,(주)영화사폴,2013-11-21,개봉영화,장편,일본,1,"206,000",103,"206,000",103,멜로/로맨스,청소년관람불가,일반영화
5768,럭키,애비 루트라,,(주)나우콘텐츠,(주)나우콘텐츠,2013-06-19,개봉영화,장편,남아프리카공화국,1,"500,000",100,"500,000",100,가족,15세이상관람가,일반영화
5771,몬스터즈,나카타 히데오,,오퍼스픽쳐스(유),오퍼스픽쳐스(유),2014-12-16,개봉영화,장편,일본,1,"500,000",100,"500,000",100,드라마,15세이상관람가,일반영화
5792,프라이버시,요르그 일레,,(주)나우콘텐츠,(주)나우콘텐츠,2013-06-13,개봉영화,장편,미국,1,"500,000",100,"500,000",100,스릴러,15세이상관람가,일반영화
5802,죽음의 천사,루시아 푸엔조,,(주)컴퍼니엘,(주)컴퍼니엘,2014-05-29,개봉영화,장편,아르헨티나,3,"609,000",96,0,0,스릴러,12세이상관람가,독립/예술영화
5827,마피아,사릭 안드레아시안,,(주)소나무픽쳐스,(주)소나무픽쳐스,2019-03-14,개봉영화,장편,러시아,5,"403,000",84,"288,000",63,액션,15세이상관람가,독립/예술영화
5894,몬스터,에릭 이스튼버그,,(유)조이앤컨텐츠그룹,(유)조이앤컨텐츠그룹,2012-05-03,개봉영화,장편,미국,1,"350,050",75,"350,050",75,액션,12세이상관람가,일반영화
5902,여비서,히로타 미키오,,(유)조이앤컨텐츠그룹,(유)조이앤컨텐츠그룹,2012-05-24,개봉영화,장편,일본,1,"350,050",75,"350,050",75,성인물(에로),청소년관람불가,일반영화
5930,내 여자친구의 엄마,김부곤,(주)영화사가을,,(주)영화사가을,2018-12-04,개봉영화,장편,한국,20,"518,000",71,"122,000",7,멜로/로맨스,청소년관람불가,일반영화
5986,내 여자친구의 엄마,칸바라 이쿠토,,(주)소나무픽쳐스,(주)소나무픽쳐스,2016-06-07,개봉영화,장편,일본,1,"300,000",60,"300,000",60,멜로/로맨스,청소년관람불가,일반영화
6030,사이코메트리,토마스 로우스,,(주)픽쳐레스크,(주)픽쳐레스크,2017-08-02,개봉영화,장편,영국,1,"300,000",60,"300,000",60,범죄,청소년관람불가,일반영화
6093,젊은 새엄마,칸바라 이쿠토,,(주)소나무픽쳐스,(주)소나무픽쳐스,2016-05-17,개봉영화,장편,일본,1,"300,000",60,0,0,멜로/로맨스,청소년관람불가,일반영화
6130,행맨,아담 메이슨,,(주)싸이더스,(주)싸이더스,2017-07-12,개봉영화,장편,영국,1,"300,000",60,"300,000",60,공포(호러),청소년관람불가,일반영화
6146,스나이퍼,프레드 그리부아,,(주)더블앤조이픽쳐스,(주)더블앤조이픽쳐스,2018-03-15,개봉영화,장편,프랑스,5,"720,000",58,"280,000",14,액션,15세이상관람가,독립/예술영화
6242,범죄도시,브라이언 굿맨,,(주)미디어데이,(주)미디어데이,2014-10-23,개봉영화,장편,미국,1,"270,000",54,"270,000",54,액션,청소년관람불가,일반영화
6348,유혹,도걸,,씨네그루(주)다우기술,씨네그루(주)다우기술,2014-09-18,개봉영화,장편,홍콩,1,"270,000",54,"270,000",54,멜로/로맨스,청소년관람불가,일반영화
6493,킬러스,"키모 스탐보엘,티모 타잔토",,씨네그루(주)다우기술,씨네그루(주)다우기술,2015-02-04,개봉영화,장편,인도네시아,1,"250,000",50,"250,000",50,액션,청소년관람불가,일반영화
6499,홈 스위트 홈,존K.D.그래함,,(주)나우콘텐츠,(주)나우콘텐츠,2014-02-27,개봉영화,장편,미국,1,"200,000",50,"200,000",50,스릴러,15세이상관람가,일반영화
6520,스나이퍼,알렉세이 유치텔,,(주)소나무픽쳐스,(주)소나무픽쳐스,2015-02-05,개봉영화,장편,러시아,5,"289,000",47,"59,000",7,드라마,15세이상관람가,일반영화
6573,트릭,폴 버호벤,,라인트리엔터테인먼트,(주)액티버스엔터테인먼트,2013-11-21,개봉영화,장편,네덜란드,3,"258,000",41,0,0,드라마,청소년관람불가,독립/예술영화
6601,정글,알렉산드르 보이틴스키,,주식회사 루믹스미디어,주식회사 루믹스미디어,2015-08-27,개봉영화,장편,러시아,1,"200,000",40,0,0,어드벤처,12세이상관람가,일반영화
6608,히치하이크,시바타 아이노스케,,주식회사 마운틴픽쳐스,주식회사 마운틴픽쳐스,2014-10-16,개봉영화,장편,일본,1,"280,000",40,0,0,드라마,청소년관람불가,일반영화
6632,패신저스,로드리고 가르시아,,씨네라인월드(주),THE 픽쳐스,2016-07-14,개봉영화,장편,미국,4,"228,000",37,0,0,미스터리,12세이상관람가,독립/예술영화
6692,해결사,아칸 사타예브,,(주)케이알씨지,(주)케이알씨지,2017-09-14,개봉영화,장편,카자흐스탄,5,"71,000",31,"8,000",4,액션,15세이상관람가,독립/예술영화
6745,라스트 미션,조 마지오,,(유)조이앤시네마,(유)조이앤시네마,2018-05-30,개봉영화,장편,미국,5,"32,000",28,"2,000",1,드라마,15세이상관람가,독립/예술영화
6746,무법자,르네 페르즈,,(주)케이알씨지,(주)케이알씨지,2018-04-19,개봉영화,장편,미국,3,"41,000",28,"4,000",2,서부극(웨스턴),15세이상관람가,독립/예술영화
6754,파괴자들,스티븐 세인버그,,(주)액티버스엔터테인먼트,(주)액티버스엔터테인먼트,2017-10-19,개봉영화,장편,미국,5,"121,000",28,"12,000",6,스릴러,15세이상관람가,독립/예술영화
6802,내 동생의 아내,조태호,(주)영화사가을,,(주)영화사가을,2019-01-14,개봉영화,장편,한국,20,"105,000",20,0,0,멜로/로맨스,청소년관람불가,일반영화
6818,몬스터,오오쿠 아키코,,주식회사 마운틴픽쳐스,주식회사 마운틴픽쳐스,2015-04-09,개봉영화,장편,일본,1,"140,000",20,0,0,드라마,청소년관람불가,일반영화
6872,여비서,박범수,(주)케이알씨지,,(주)케이알씨지,2016-12-22,개봉영화,장편,한국,2,"88,000",18,0,0,멜로/로맨스,청소년관람불가,일반영화
6892,마피아,라이언 콤즈,,스크린조이,스크린조이,2015-01-29,개봉영화,장편,미국,2,"112,000",16,"14,000",2,액션,청소년관람불가,일반영화
6940,메모리즈,이수성,㈜리필름,,㈜리필름,2019-04-25,개봉영화,장편,한국,5,"38,000",11,0,0,드라마,전체관람가,독립/예술영화
6981,그녀의 섹스 테크닉,코시자카 야스시,,(주)영진크리에이티브,(주)영진크리에이티브,2015-10-12,개봉영화,장편,일본,1,"100,000",10,0,0,멜로/로맨스,청소년관람불가,일반영화
7068,목격자,스브야토슬라브 포드가에브스키,,봄바람영화사,봄바람영화사,2017-08-28,개봉영화,장편,러시아,1,"50,000",10,0,0,공포(호러),15세이상관람가,독립/예술영화
7107,비밀애,노구치 테루오,,(주)케이알씨지,(주)케이알씨지,2018-02-01,개봉영화,장편,일본,5,"25,000",10,"4,000",2,멜로/로맨스,15세이상관람가,일반영화
7203,완벽한 파트너,코시자카 야스시,,(주)영진크리에이티브,(주)영진크리에이티브,2015-10-05,개봉영화,장편,일본,1,"100,000",10,0,0,멜로/로맨스,청소년관람불가,일반영화
7217,위험한 유혹,이사카와 히토시,,(유)조이앤컨텐츠그룹,(유)조이앤컨텐츠그룹,2012-09-01,개봉영화,장편,일본,1,"30,000",10,0,0,멜로/로맨스,청소년관람불가,일반영화
7363,스파이 게임,웨이먼 분스,,스크린조이,스크린조이,2015-09-10,개봉영화,장편,미국,2,"32,000",8,"16,000",4,스릴러,청소년관람불가,일반영화
7534,더 게스트,아담 윈가드,,브릿지웍스 엔터테인먼트(주),브릿지웍스 엔터테인먼트(주),2015-09-25,개봉영화,장편,미국,2,"10,000",2,"5,000",1,액션,청소년관람불가,일반영화
7568,바람난 아내,후지로 미치시,,(주)씨앤피미디어,(주)씨앤피미디어,2010-04-12,개봉영화,장편,일본,1,"4,000",2,"4,000",2,성인물(에로),청소년관람불가,일반영화
7798,관계,오자키 히로코우지,,(주)플라이어,(주)플라이어,2018-07-26,개봉영화,장편,일본,1,"6,000",1,0,0,드라마,청소년관람불가,일반영화
7883,기적의 피아노,드미트리어스 나바로,,(주)시네마리퍼블릭,(주)시네마리퍼블릭,2017-10-23,개봉영화,장편,미국,1,"3,000",1,0,0,가족,전체관람가,일반영화
7987,내 동생의 아내,카에데,,(주)영진크리에이티브,(주)영진크리에이티브,2016-10-17,개봉영화,장편,일본,1,"5,000",1,0,0,멜로/로맨스,청소년관람불가,일반영화
8009,내 아내의 친구,호리이 아야,,(주)플라이어,(주)플라이어,2018-04-03,개봉영화,장편,일본,1,"6,000",1,0,0,드라마,청소년관람불가,일반영화
8010,내 아내의 친구,김정오,(주)영화사가을,,(주)영화사가을,2017-01-05,개봉영화,장편,한국,1,"5,000",1,0,0,멜로/로맨스,청소년관람불가,일반영화
8123,누드모델,박범수,(주)케이알씨지,,(주)케이알씨지,2017-06-06,개봉영화,장편,한국,1,"3,000",1,0,0,멜로/로맨스,청소년관람불가,일반영화
8182,대지진,사릭 안드레아시안,,(주)퍼스트런,(주)퍼스트런,2018-11-29,개봉영화,장편,러시아,1,"2,000",1,"2,000",1,드라마,12세이상관람가,독립/예술영화
8193,더 베일,브렌트 라이언 그린,,(주)퍼스트런,(주)퍼스트런,2017-05-19,개봉영화,장편,미국,1,"3,000",1,0,0,액션,15세이상관람가,일반영화
8222,데스 위시,카를로 푸스코,,주식회사 레드아이스,주식회사 레드아이스,2019-03-22,개봉영화,장편,미국,1,"1,000",1,0,0,드라마,청소년관람불가,일반영화
8258,동창생,다무라 코우스케,,(주)케이알씨지,(주)케이알씨지,2015-07-09,개봉영화,장편,일본,1,"5,000",1,0,0,멜로/로맨스,청소년관람불가,일반영화
8288,드래곤 기사단,사이먼 웰스,,주식회사 풍경소리,주식회사 풍경소리,2018-03-31,개봉영화,장편,영국,1,"3,000",1,0,0,판타지,15세이상관람가,일반영화
8565,바람난 아내,이민,(주)케이알씨지,,(주)케이알씨지,2017-09-05,개봉영화,장편,한국,1,"2,000",1,"2,000",1,드라마,청소년관람불가,일반영화
8566,바람난 아내들,장두만,(주)케이피에이기획,,(주)케이피에이기획,2018-10-23,개봉영화,장편,한국,1,"5,000",1,0,0,멜로/로맨스,청소년관람불가,일반영화
8567,바람난 아내들,나가에 타카미,,(주)영진크리에이티브,(주)영진크리에이티브,2018-04-24,개봉영화,장편,일본,1,"6,000",1,0,0,멜로/로맨스,청소년관람불가,일반영화
8680,불륜 동창회,오타니 야스유키,,(주)소나무픽쳐스,(주)소나무픽쳐스,2015-08-13,개봉영화,장편,일본,1,"5,000",1,"5,000",1,멜로/로맨스,청소년관람불가,일반영화
8756,빼앗긴 아내,크왓치,,(주)플라이어,(주)플라이어,2018-01-26,개봉영화,장편,일본,1,"6,000",1,0,0,기타,청소년관람불가,일반영화
8757,빼앗긴 아내,나쿠루 하라다,,(주)영진크리에이티브,(주)영진크리에이티브,2017-01-20,개봉영화,장편,일본,1,"5,000",1,0,0,멜로/로맨스,청소년관람불가,일반영화
8781,사이드 이펙트,"안드레아스 클리멘트,안드레 헤데토프트",,(주)시네마리퍼블릭,(주)시네마리퍼블릭,2018-07-03,개봉영화,장편,스웨덴,1,"1,000",1,0,0,SF,15세이상관람가,일반영화
8822,새아빠,이상민,(주)영화사가을,,(주)영화사가을,2018-06-15,개봉영화,장편,한국,1,"6,000",1,0,0,멜로/로맨스,청소년관람불가,일반영화
8823,새아빠,네지메 지로,,(주)영진크리에이티브,(주)영진크리에이티브,2018-03-16,개봉영화,장편,일본,1,"6,000",1,0,0,멜로/로맨스,청소년관람불가,일반영화
9226,어린 아내,,,(유)조이앤시네마,(유)조이앤시네마,2017-06-20,개봉영화,장편,일본,1,"3,000",1,0,0,멜로/로맨스,청소년관람불가,일반영화
9252,어밴던드,존 라잉,,(주)블루브릭,(주)블루브릭,2016-03-02,개봉영화,장편,뉴질랜드,1,"5,000",1,0,0,드라마,12세이상관람가,일반영화
9518,위험한 유혹,제임스 프랭코,,(주)케이알씨지,(주)케이알씨지,2016-12-28,개봉영화,장편,미국,1,"5,000",1,0,0,드라마,청소년관람불가,일반영화
9774,젊은 새엄마,김정오,(주)영화사가을,,(주)영화사가을,2016-12-15,개봉영화,장편,한국,1,"5,000",1,0,0,멜로/로맨스,청소년관람불가,일반영화
9955,착한 엄마,강정훈,(주)소나무픽쳐스,,(주)소나무픽쳐스,2017-11-09,개봉영화,장편,한국,1,"5,000",1,0,0,멜로/로맨스,청소년관람불가,일반영화
10141,카운트다운,존 스톡웰,,(주)퍼스트런,(주)퍼스트런,2016-11-22,개봉영화,장편,미국,1,"3,000",1,0,0,액션,청소년관람불가,일반영화
10142,카운트다운,나타우트 푼프리야,,(주)제이에이와이이엔터테인먼트,(주)제이에이와이이엔터테인먼트,2015-12-03,개봉영화,장편,태국,1,"7,000",1,"7,000",1,공포(호러),청소년관람불가,일반영화
10169,크레이지,릭 비버,,(주)시네마리퍼블릭,(주)시네마리퍼블릭,2017-01-19,개봉영화,장편,미국,1,"5,000",1,0,0,드라마,청소년관람불가,일반영화
10215,토일렛,이상훈,(주)오예스,,(주)오예스,2017-09-05,개봉영화,장편,한국,1,"3,000",1,0,0,스릴러,청소년관람불가,일반영화
10226,트릭,닐 호너,,(주)시네마리퍼블릭,(주)시네마리퍼블릭,2017-06-08,개봉영화,장편,영국,1,"3,000",1,0,0,범죄,15세이상관람가,일반영화
10286,플립,헤리스 데멜,,라인트리엔터테인먼트,라인트리엔터테인먼트,2016-02-25,개봉영화,장편,미국,1,"5,000",1,"5,000",1,드라마,청소년관람불가,일반영화
